robot_id,station_id
0,S_8
1,S_51
2,S_29
3,S_41
4,S_52
5,S_62
6,S_15
7,S_41
8,S_51
9,S_35
10,S_33
11,S_52
12,S_33
13,S_51
14,S_32
15,S_8
16,S_51
17,S_52
18,S_51
19,S_15
20,S_29
21,S_52
22,S_54
23,S_32
24,S_29
25,S_35
26,S_51
27,S_15
28,S_52
29,S_32
30,S_15
31,S_8
32,S_5
33,S_43
34,S_35
35,S_35
36,S_41
37,S_58
38,S_54
39,S_15
40,S_5
41,S_35
42,S_29
43,S_35
44,S_29
45,S_66
46,S_41
47,S_15
48,S_32
49,S_35
50,S_52
51,S_66
52,S_41
53,S_62
54,S_29
55,S_5
56,S_52
57,S_58
58,S_43
59,S_41
60,S_5
61,S_32
62,S_35
63,S_32
64,S_8
65,S_35
66,S_43
67,S_51
68,S_66
69,S_51
70,S_32
71,S_8
72,S_58
73,S_5
74,S_5
75,S_15
76,S_29
77,S_29
78,S_15
79,S_51
80,S_41
81,S_5
82,S_43
83,S_62
84,S_66
85,S_23
86,S_41
87,S_35
88,S_51
89,S_52
90,S_41
91,S_15
92,S_43
93,S_66
94,S_23
95,S_32
96,S_29
97,S_23
98,S_29
99,S_35
100,S_8
101,S_43
102,S_66
103,S_52
104,S_58
105,S_8
106,S_29
107,S_8
108,S_33
109,S_23
110,S_54
111,S_66
112,S_41
113,S_41
114,S_58
115,S_23
116,S_5
117,S_54
118,S_23
119,S_58
120,S_29
121,S_58
122,S_43
123,S_43
124,S_8
125,S_52
126,S_54
127,S_51
128,S_51
129,S_43
130,S_32
131,S_23
132,S_43
133,S_41
134,S_58
135,S_5
136,S_54
137,S_41
138,S_23
139,S_43
140,S_23
141,S_54
142,S_66
143,S_43
144,S_58
145,S_35
146,S_29
147,S_43
148,S_58
149,S_23
150,S_35
151,S_5
152,S_41
153,S_15
154,S_5
155,S_54
156,S_23
157,S_32
158,S_32
159,S_51
160,S_66
161,S_54
162,S_51
163,S_5
164,S_41
165,S_52
166,S_33
167,S_54
168,S_5
169,S_23
170,S_52
171,S_15
172,S_5
173,S_33
174,S_54
175,S_23
176,S_58
177,S_29
178,S_8
179,S_35
180,S_5
181,S_54
182,S_58
183,S_58
184,S_29
185,S_52
186,S_52
187,S_8
188,S_62
189,S_8
190,S_23
191,S_62
192,S_35
193,S_62
194,S_15
195,S_43
196,S_54
197,S_23
198,S_58
199,S_58
200,S_35
201,S_29
202,S_54
203,S_51
204,S_51
205,S_33
206,S_52
207,S_23
208,S_62
209,S_41
210,S_54
211,S_52
212,S_5
213,S_66
214,S_54
215,S_55
216,S_62
217,S_55
218,S_62
219,S_62
220,S_55
221,S_0
222,S_62
223,S_55
224,S_62
225,S_55
226,S_62
227,S_62
228,S_62
229,S_55
230,S_55
231,S_55
232,S_38
233,S_55
234,S_55
235,S_55
236,S_28
237,S_27
238,S_3
239,S_60
240,S_3
241,S_27
242,S_44
243,S_42
244,S_28
245,S_64
246,S_64
247,S_44
248,S_16
249,S_16
250,S_60
251,S_3
252,S_9
253,S_9
254,S_47
255,S_27
256,S_60
257,S_3
258,S_31
259,S_37
260,S_66
261,S_42
262,S_31
263,S_3
264,S_37
265,S_44
266,S_47
267,S_42
268,S_28
269,S_46
270,S_37
271,S_44
272,S_37
273,S_42
274,S_37
275,S_64
276,S_28
277,S_16
278,S_13
279,S_37
280,S_44
281,S_64
282,S_64
283,S_64
284,S_16
285,S_47
286,S_37
287,S_16
288,S_60
289,S_64
290,S_37
291,S_16
292,S_60
293,S_60
294,S_3
295,S_46
296,S_31
297,S_64
298,S_9
299,S_44
300,S_47
301,S_37
302,S_13
303,S_3
304,S_9
305,S_47
306,S_27
307,S_28
308,S_44
309,S_27
310,S_64
311,S_27
312,S_3
313,S_9
314,S_60
315,S_9
316,S_16
317,S_28
318,S_37
319,S_9
320,S_16
321,S_42
322,S_42
323,S_64
324,S_13
325,S_42
326,S_47
327,S_37
328,S_9
329,S_31
330,S_44
331,S_27
332,S_16
333,S_13
334,S_31
335,S_42
336,S_37
337,S_9
338,S_31
339,S_44
340,S_42
341,S_3
342,S_60
343,S_3
344,S_28
345,S_9
346,S_31
347,S_44
348,S_27
349,S_46
350,S_47
351,S_44
352,S_46
353,S_64
354,S_31
355,S_28
356,S_13
357,S_9
358,S_42
359,S_46
360,S_28
361,S_46
362,S_28
363,S_28
364,S_16
365,S_47
366,S_3
367,S_9
368,S_16
369,S_31
370,S_46
371,S_31
372,S_47
373,S_66
374,S_27
375,S_47
376,S_47
377,S_37
378,S_47
379,S_46
380,S_13
381,S_31
382,S_60
383,S_3
384,S_37
385,S_28
386,S_16
387,S_60
388,S_60
389,S_9
390,S_64
391,S_37
392,S_46
393,S_44
394,S_46
395,S_27
396,S_31
397,S_60
398,S_27
399,S_13
400,S_28
401,S_47
402,S_46
403,S_13
404,S_60
405,S_27
406,S_27
407,S_46
408,S_66
409,S_47
410,S_44
411,S_28
412,S_44
413,S_13
414,S_13
415,S_47
416,S_3
417,S_46
418,S_9
419,S_27
420,S_64
421,S_9
422,S_13
423,S_16
424,S_44
425,S_64
426,S_28
427,S_44
428,S_42
429,S_31
430,S_60
431,S_27
432,S_16
433,S_9
434,S_46
435,S_27
436,S_31
437,S_47
438,S_46
439,S_31
440,S_13
441,S_60
442,S_3
443,S_3
444,S_66
445,S_28
446,S_46
447,S_3
448,S_60
449,S_37
450,S_31
451,S_45
452,S_45
453,S_16
454,S_66
455,S_66
456,S_25
457,S_25
458,S_25
459,S_45
460,S_45
461,S_45
462,S_45
463,S_65
464,S_16
465,S_45
466,S_45
467,S_25
468,S_25
469,S_25
470,S_45
471,S_45
472,S_25
473,S_45
474,S_45
475,S_45
476,S_25
477,S_45
478,S_25
479,S_45
480,S_45
481,S_25
482,S_25
483,S_53
484,S_53
485,S_59
486,S_53
487,S_53
488,S_59
489,S_59
490,S_65
491,S_53
492,S_40
493,S_59
494,S_17
495,S_63
496,S_25
497,S_40
498,S_59
499,S_53
500,S_25
501,S_53
502,S_59
503,S_53
504,S_59
505,S_59
506,S_40
507,S_40
508,S_59
509,S_40
510,S_40
511,S_25
512,S_53
513,S_59
514,S_59
515,S_40
516,S_25
517,S_25
518,S_53
519,S_53
520,S_53
521,S_59
522,S_53
523,S_65
524,S_40
525,S_40
526,S_59
527,S_59
528,S_40
529,S_53
530,S_59
531,S_65
532,S_53
533,S_59
534,S_53
535,S_40
536,S_7
537,S_24
538,S_56
539,S_2
540,S_14
541,S_7
542,S_39
543,S_11
544,S_48
545,S_34
546,S_63
547,S_61
548,S_56
549,S_10
550,S_50
551,S_14
552,S_56
553,S_11
554,S_30
555,S_50
556,S_56
557,S_14
558,S_18
559,S_6
560,S_30
561,S_26
562,S_63
563,S_36
564,S_48
565,S_39
566,S_18
567,S_21
568,S_14
569,S_4
570,S_50
571,S_14
572,S_12
573,S_17
574,S_36
575,S_14
576,S_11
577,S_20
578,S_12
579,S_18
580,S_49
581,S_21
582,S_26
583,S_21
584,S_10
585,S_10
586,S_36
587,S_48
588,S_20
589,S_14
590,S_14
591,S_2
592,S_19
593,S_4
594,S_12
595,S_26
596,S_61
597,S_12
598,S_4
599,S_18
600,S_24
601,S_2
602,S_50
603,S_50
604,S_24
605,S_18
606,S_63
607,S_18
608,S_57
609,S_4
610,S_2
611,S_63
612,S_12
613,S_2
614,S_11
615,S_36
616,S_36
617,S_2
618,S_10
619,S_50
620,S_24
621,S_7
622,S_2
623,S_65
624,S_7
625,S_36
626,S_20
627,S_48
628,S_20
629,S_63
630,S_63
631,S_57
632,S_57
633,S_49
634,S_6
635,S_36
636,S_34
637,S_14
638,S_48
639,S_61
640,S_20
641,S_11
642,S_34
643,S_6
644,S_63
645,S_19
646,S_17
647,S_48
648,S_63
649,S_65
650,S_2
651,S_48
652,S_57
653,S_24
654,S_65
655,S_19
656,S_6
657,S_4
658,S_17
659,S_26
660,S_17
661,S_63
662,S_56
663,S_10
664,S_49
665,S_34
666,S_17
667,S_20
668,S_30
669,S_7
670,S_48
671,S_36
672,S_20
673,S_26
674,S_7
675,S_61
676,S_20
677,S_21
678,S_6
679,S_34
680,S_61
681,S_65
682,S_7
683,S_11
684,S_36
685,S_50
686,S_34
687,S_19
688,S_30
689,S_57
690,S_18
691,S_56
692,S_34
693,S_39
694,S_56
695,S_34
696,S_56
697,S_11
698,S_63
699,S_21
700,S_49
701,S_40
702,S_7
703,S_6
704,S_12
705,S_26
706,S_57
707,S_7
708,S_2
709,S_12
710,S_4
711,S_18
712,S_21
713,S_14
714,S_12
715,S_49
716,S_48
717,S_6
718,S_36
719,S_6
720,S_61
721,S_12
722,S_10
723,S_39
724,S_19
725,S_39
726,S_61
727,S_26
728,S_61
729,S_18
730,S_65
731,S_21
732,S_20
733,S_30
734,S_19
735,S_4
736,S_10
737,S_48
738,S_49
739,S_56
740,S_26
741,S_65
742,S_50
743,S_36
744,S_7
745,S_34
746,S_30
747,S_30
748,S_26
749,S_61
750,S_50
751,S_20
752,S_24
753,S_49
754,S_57
755,S_6
756,S_14
757,S_26
758,S_12
759,S_39
760,S_2
761,S_24
762,S_11
763,S_20
764,S_4
765,S_39
766,S_40
767,S_21
768,S_24
769,S_50
770,S_63
771,S_10
772,S_34
773,S_24
774,S_11
775,S_56
776,S_48
777,S_12
778,S_40
779,S_4
780,S_61
781,S_11
782,S_50
783,S_14
784,S_10
785,S_49
786,S_17
787,S_7
788,S_36
789,S_10
790,S_39
791,S_20
792,S_61
793,S_39
794,S_48
795,S_34
796,S_17
797,S_12
798,S_7
799,S_49
800,S_20
801,S_4
802,S_7
803,S_18
804,S_26
805,S_4
806,S_49
807,S_49
808,S_21
809,S_26
810,S_30
811,S_18
812,S_34
813,S_19
814,S_57
815,S_30
816,S_24
817,S_57
818,S_18
819,S_4
820,S_39
821,S_17
822,S_49
823,S_26
824,S_12
825,S_19
826,S_6
827,S_17
828,S_36
829,S_12
830,S_56
831,S_18
832,S_10
833,S_14
834,S_57
835,S_19
836,S_61
837,S_19
838,S_14
839,S_21
840,S_14
841,S_4
842,S_7
843,S_57
844,S_19
845,S_2
846,S_39
847,S_21
848,S_19
849,S_17
850,S_56
851,S_24
852,S_7
853,S_65
854,S_4
855,S_30
856,S_57
857,S_61
858,S_10
859,S_36
860,S_18
861,S_6
862,S_10
863,S_19
864,S_40
865,S_17
866,S_61
867,S_10
868,S_39
869,S_39
870,S_30
871,S_6
872,S_34
873,S_30
874,S_65
875,S_48
876,S_30
877,S_57
878,S_30
879,S_6
880,S_12
881,S_11
882,S_26
883,S_19
884,S_50
885,S_39
886,S_20
887,S_50
888,S_18
889,S_63
890,S_50
891,S_10
892,S_6
893,S_57
894,S_34
895,S_49
896,S_49
897,S_65
898,S_20
899,S_2
900,S_24
901,S_2
902,S_24
903,S_49
904,S_61
905,S_40
906,S_26
907,S_56
908,S_11
909,S_4
910,S_11
911,S_19
912,S_12
913,S_2
914,S_6
915,S_11
916,S_56
917,S_63
918,S_21
919,S_50
920,S_2
921,S_4
922,S_11
923,S_56
924,S_48
925,S_20
926,S_26
927,S_56
928,S_19
929,S_65
930,S_24
931,S_10
932,S_57
933,S_50
934,S_18
935,S_17
936,S_24
937,S_2
938,S_39
939,S_39
940,S_36
941,S_34
942,S_65
943,S_21
944,S_63
945,S_57
946,S_48
947,S_6
948,S_14
949,S_48
950,S_34
951,S_36
952,S_61
953,S_21
954,S_63
955,S_7
956,S_21
957,S_30
958,S_21
959,S_65
960,S_49
961,S_17
962,S_30
963,S_24
964,S_17
965,S_11
966,S_17
967,S_38
968,S_0
969,S_22
970,S_64
971,S_0
972,S_22
973,S_55
974,S_22
975,S_38
976,S_38
977,S_38
978,S_22
979,S_0
980,S_38
981,S_38
982,S_22
983,S_22
984,S_0
985,S_0
986,S_38
987,S_0
988,S_0
989,S_55
990,S_0
991,S_55
992,S_38
993,S_22
994,S_0
995,S_22
996,S_22
997,S_0
998,S_38
999,S_55
1000,S_22
1001,S_38
1002,S_22
1003,S_22
1004,S_22
1005,S_22
1006,S_62
1007,S_38
1008,S_38
1009,S_38
1010,S_0
1011,S_22
1012,S_22
1013,S_0
1014,S_55
1015,S_38
1016,S_0
1017,S_0
1018,S_38
1019,S_0
1020,S_33
1021,S_33
1022,S_1
1023,S_1
1024,S_1
1025,S_1
1026,S_33
1027,S_1
1028,S_1
1029,S_1
1030,S_1
1031,S_33
1032,S_33
1033,S_33
1034,S_1
1035,S_1
1036,S_33
1037,S_33
1038,S_1
1039,S_58
1040,S_33
1041,S_1
1042,S_33
1043,S_1
1044,S_1
1045,S_32
1046,S_32
1047,S_32
1048,S_1
1049,S_32
1050,S_1
1051,S_32
1052,S_15
1053,S_43
1054,S_15
1055,S_8
1056,S_15
1057,S_8
1058,S_15
1059,S_8
1060,S_8
1061,S_43
1062,S_13
1063,S_13
1064,S_42
1065,S_64
1066,S_13
1067,S_42
1068,S_13
1069,S_42
1070,S_42
1071,S_42
